رقم المسألة,رقم البيت,الباب,الكلمة,النطاق,عدد المواضع,قول الشاطبي,الرموز,النتيجة المعمول بها,ملاحظة,للمراجعة,نص البيت
2-001,445,سورة البقرة,يَخْدَعُونَ,موضع واحد,1,وَمَا يَخْدَعُونَ الْفَتْحُ مِنْ قَبْلِ سَاكِنٍ وَبَعْدُ ذَكَا وَالْغَيْرُ كَالْحَرْفِ أَوَّلاَ,ذ (ذكا) = ابن عامر والكوفيون,وَمَا يُخَادِعُونَ: نافع، ابن كثير، أبو عمرو | وَمَا يَخْدَعُونَ: ابن عامر، عاصم، حمزة، الكسائي,الموضع الأول «يُخَادِعُونَ اللَّهَ» متفق عليه.,,وَمَا يَخْدَعُونَ الْفَتْحُ مِنْ قَبْلِ سَاكِنٍ ... وَبَعْدُ ذَكَا وَالْغَيْرُ كَالْحَرْفِ أَوَّلاَ
2-002,446,سورة البقرة,يَكْذِبُونَ,موضع واحد,1,وَخَفَّفَ كُوفٍ يَكْذِبُونَ وَيَاؤُهُ بِفَتْحٍ وَلِلْبَاقِينَ ضُمَّ وَثُقِّلاَ,«كوف» تصريح = عاصم وحمزة والكسائي,يُكَذِّبُونَ: نافع، ابن كثير، أبو عمرو، ابن عامر | يَكْذِبُونَ: عاصم، حمزة، الكسائي,,,وخَفَّفَ كُوفٍ يَكْذِبُونَ وَيَاؤُهُ ... بِفَتْحٍ وَلِلْبَاقِينَ ضُمَّ وَثُقِّلاَ
2-003,447,سورة البقرة,قِيلَ,حيث وقع,49,وَقِيلَ وَغِيضَ ثُمَّ جِيءَ يُشِمُّهَا لَدى كَسْرِهَا ضَمًّا رِجَالٌ لِتَكْمُلاَ,ر = الكسائي، ل = هشام,قِيلَ بالكسر الخالص: نافع، ابن كثير، أبو عمرو، عاصم، حمزة، ابن ذكوان | قِيلَ بالإشمام (ضم أوله ضمًّا ممزوجًا بالكسر): الكسائي، هشام,,,وَقِيلَ وَغِيضَ ثُمَّ جِيءَ يُشِمُّهَا ... لَدى كَسْرِهَا ضَمًّا رِجَالٌ لِتَكْمُلاَ
2-004,447,سورة البقرة,وَغِيضَ,موضع واحد,1,وَقِيلَ وَغِيضَ ثُمَّ جِيءَ يُشِمُّهَا ... رِجَالٌ لِتَكْمُلاَ,ر = الكسائي، ل = هشام,وَغِيضَ بالكسر الخالص: نافع، ابن كثير، أبو عمرو، عاصم، حمزة، ابن ذكوان | وَغِيضَ بالإشمام: الكسائي، هشام,,,وَقِيلَ وَغِيضَ ثُمَّ جِيءَ يُشِمُّهَا ... لَدى كَسْرِهَا ضَمًّا رِجَالٌ لِتَكْمُلاَ
2-005,447,سورة البقرة,وَجِيءَ,مواضع معينة,2,ثُمَّ جِيءَ يُشِمُّهَا لَدى كَسْرِهَا ضَمًّا رِجَالٌ لِتَكْمُلاَ,ر = الكسائي، ل = هشام,وَجِيءَ بالكسر الخالص: نافع، ابن كثير، أبو عمرو، عاصم، حمزة، ابن ذكوان | وَجِيءَ بالإشمام: الكسائي، هشام,,,وَقِيلَ وَغِيضَ ثُمَّ جِيءَ يُشِمُّهَا ... لَدى كَسْرِهَا ضَمًّا رِجَالٌ لِتَكْمُلاَ
2-006,448,سورة البقرة,وَحِيلَ,موضع واحد,1,وَحِيلَ بِإِشْمَامٍ وَسِيقَ كَمَا رَسَا,ك = ابن عامر، ر = الكسائي,وَحِيلَ بالكسر الخالص: نافع، ابن كثير، أبو عمرو، عاصم، حمزة | وَحِيلَ بالإشمام: ابن عامر، الكسائي,,,وَحِيلَ بِإِشْمَامٍ وَسِيقَ كَمَا رَسَا ... وَسِيءَ وَسِيئَتْ كَانَ رَاوِيهِ أَنْبَلاَ
2-007,448,سورة البقرة,وَسِيقَ,مواضع معينة,2,وَسِيقَ كَمَا رَسَا,ك = ابن عامر، ر = الكسائي,وَسِيقَ بالكسر الخالص: نافع، ابن كثير، أبو عمرو، عاصم، حمزة | وَسِيقَ بالإشمام: ابن عامر، الكسائي,,,وَحِيلَ بِإِشْمَامٍ وَسِيقَ كَمَا رَسَا ... وَسِيءَ وَسِيئَتْ كَانَ رَاوِيهِ أَنْبَلاَ
2-008,448,سورة البقرة,سِيءَ,مواضع معينة,2,وَسِيءَ وَسِيئَتْ كَانَ رَاوِيهِ أَنْبَلاَ,ك = ابن عامر، ر = الكسائي، أ = نافع,سِيءَ بالإشمام: نافع، ابن عامر، الكسائي | سِيءَ بالكسر الخالص: ابن كثير، أبو عمرو، عاصم، حمزة,,,وَحِيلَ بِإِشْمَامٍ وَسِيقَ كَمَا رَسَا ... وَسِيءَ وَسِيئَتْ كَانَ رَاوِيهِ أَنْبَلاَ
2-009,448,سورة البقرة,سِيئَتْ,موضع واحد,1,وَسِيءَ وَسِيئَتْ كَانَ رَاوِيهِ أَنْبَلاَ,ك = ابن عامر، ر = الكسائي، أ = نافع,سِيئَتْ بالإشمام: نافع، ابن عامر، الكسائي | سِيئَتْ بالكسر الخالص: ابن كثير، أبو عمرو، عاصم، حمزة,,,وَحِيلَ بِإِشْمَامٍ وَسِيقَ كَمَا رَسَا ... وَسِيءَ وَسِيئَتْ كَانَ رَاوِيهِ أَنْبَلاَ
2-010,449، 450,سورة البقرة,وَهُوَ / فَهُوَ / لَهُوَ,حيث وقع,216,وَهَا هُوَ بَعْدَ الْوَاوِ وَالْفَا وَلاَمِهَا ... رَاضِيًا بَارِدًا حَلاَ ... وَالضَّمُّ غَيْرُهُمْ,ر = الكسائي، ب = قالون، ح = أبو عمرو,بإسكان الهاء: وَهْوَ، فَهْوَ، لَهْوَ: أبو عمرو، الكسائي، قالون | بضم الهاء: وَهُوَ، فَهُوَ، لَهُوَ: ابن كثير، ابن عامر، عاصم، حمزة، ورش,يُستثنى «لَهْوٌ» الاسم (العنكبوت 64، لقمان 6) فليس من الباب.,,وَهَا هُوَ بَعْدَ الْوَاوِ وَالْفَا وَلاَمِهَا ... وَهَا هِيَ أَسْكِنْ رَاضِيًا بَارِدًا حَلاَ ** وَثُمَّ هْوَ رِفْقًا بَانَ وَالضَّمُّ غَيْرُهُمْ ... وَكَسْرٌ وَعَنْ كُلٍّ يُمِلُّ هُوَ انْجَلاَ
2-011,449، 450,سورة البقرة,وَهِيَ / فَهِيَ / لَهِيَ,حيث وقع,16,وَهَا هِيَ أَسْكِنْ رَاضِيًا بَارِدًا حَلاَ ... وَالضَّمُّ غَيْرُهُمْ وَكَسْرٌ,ر = الكسائي، ب = قالون، ح = أبو عمرو,بإسكان الهاء: وَهْيَ، فَهْيَ، لَهْيَ: أبو عمرو، الكسائي، قالون | بكسر الهاء: وَهِيَ، فَهِيَ، لَهِيَ: ابن كثير، ابن عامر، عاصم، حمزة، ورش,,,وَهَا هُوَ بَعْدَ الْوَاوِ وَالْفَا وَلاَمِهَا ... وَهَا هِيَ أَسْكِنْ رَاضِيًا بَارِدًا حَلاَ ** وَثُمَّ هْوَ رِفْقًا بَانَ وَالضَّمُّ غَيْرُهُمْ ... وَكَسْرٌ وَعَنْ كُلٍّ يُمِلُّ هُوَ انْجَلاَ
2-012,450,سورة البقرة,ثُمَّ هُوَ,موضع واحد,1,وَثُمَّ هْوَ رِفْقًا بَانَ,ر = الكسائي، ب = قالون,ثُمَّ هْوَ (بإسكان الهاء): الكسائي، قالون | ثُمَّ هُوَ (بضم الهاء): ابن كثير، أبو عمرو، ابن عامر، عاصم، حمزة، ورش,أبو عمرو هنا بالضم لأن الهاء لم تقع بعد واو أو فاء أو لام.,,وَثُمَّ هْوَ رِفْقًا بَانَ وَالضَّمُّ غَيْرُهُمْ ... وَكَسْرٌ وَعَنْ كُلٍّ يُمِلُّ هُوَ انْجَلاَ
2-013,450,سورة البقرة,أَن يُمِلَّ هُوَ,موضع واحد,1,وَعَنْ كُلٍّ يُمِلُّ هُوَ انْجَلاَ,«عن كل» = جميع القراء,يُمِلَّ هُوَ (بضم الهاء): الجميع,متفق عليه بالضم من طريق الشاطبية. الإسكان لقالون فيه من زيادات النشر لا من طريق الحرز.,تأكيد تفسير «وعن كل» بالضم للجميع من الوافي/إرشاد المريد.,وَثُمَّ هْوَ رِفْقًا بَانَ وَالضَّمُّ غَيْرُهُمْ ... وَكَسْرٌ وَعَنْ كُلٍّ يُمِلُّ هُوَ انْجَلاَ
2-014,451,سورة البقرة,فَأَزَلَّهُمَا,موضع واحد,1,وَفِي فَأَزَلَّ اللاَّمَ خَفِّفْ لِحَمْزَةٍ وَزِدْ أَلِفًا مِنْ قَبْلِهِ فَتُكَمِّلاَ,«لحمزة» تصريح,فَأَزَلَّهُمَا: نافع، ابن كثير، أبو عمرو، ابن عامر، عاصم، الكسائي | فَأَزَالَهُمَا: حمزة,,,وَفِي فَأَزَلَّ اللاَّمَ خَفِّفْ لِحَمْزَةٍ ... وَزِدْ أَلِفًا مِنْ قَبْلِهِ فَتُكَمِّلاَ
2-015,452,سورة البقرة,آدَمُ ... كَلِمَاتٍ,موضع واحد,1,وَآدَمَ فَارْفَعْ نَاصِبًا كَلِمَاتِهِ بِكَسْرٍ وَلِلْمَكِّيِّ عَكْسٌ تَحَوَّلاَ,«للمكي» تصريح = ابن كثير,فَتَلَقَّى آدَمُ مِنْ رَبِّهِ كَلِمَاتٍ: نافع، أبو عمرو، ابن عامر، عاصم، حمزة، الكسائي | فَتَلَقَّى آدَمَ مِنْ رَبِّهِ كَلِمَاتٌ: ابن كثير,,,وَآدَمَ فَارْفَعْ نَاصِبًا كَلِمَاتِهِ ... بِكَسْرٍ وَلِلْمَكِّيِّ عَكْسٌ تَحَوَّلاَ
2-016,453,سورة البقرة,وَلَا يُقْبَلُ مِنْهَا شَفَاعَةٌ,موضع واحد,1,وَيُقْبَلُ الُاولى أَنَّثُوا دُونَ حَاجِزٍ,د = ابن كثير، ح = أبو عمرو,وَلَا يُقْبَلُ (بالتذكير): نافع، ابن عامر، عاصم، حمزة، الكسائي | وَلَا تُقْبَلُ (بالتأنيث): ابن كثير، أبو عمرو,الثاني (البقرة 123) «وَلَا يُقْبَلُ مِنْهَا عَدْلٌ» بالتذكير للجميع.,,وَيُقْبَلُ الُاولى أَنَّثُوا دُونَ حَاجِزٍ ... وَعَدْنَا جَمِيعًا دُونَ مَا أَلِفٍ حَلاَ
2-017,453,سورة البقرة,وَاعَدْنَا,مواضع معينة,3,وَعَدْنَا جَمِيعًا دُونَ مَا أَلِفٍ حَلاَ,ح = أبو عمرو,وَاعَدْنَا (بالألف): نافع، ابن كثير، ابن عامر، عاصم، حمزة، الكسائي | وَعَدْنَا (بلا ألف): أبو عمرو,,,وَيُقْبَلُ الُاولى أَنَّثُوا دُونَ حَاجِزٍ ... وَعَدْنَا جَمِيعًا دُونَ مَا أَلِفٍ حَلاَ
2-018,454، 455,سورة البقرة,بَارِئِكُمْ، يَأْمُرُكُمْ، يَأْمُرُهُمْ، تَأْمُرُهُمْ، يَنْصُرُكُمْ، يُشْعِرُكُمْ,حيث وقع,14,وَإِسْكَانُ بَارِئِكُمْ وَيَأْمُرُكُمْ لَهُ وَيَأْمُرُهُمْ أَيْضًا وَتَأْمُرُهُمْ تَلاَ وَيَنْصُرُكُمْ أَيْضًا وَيُشْعِرُكُمْ وَكَمْ جَلِيلٍ عَنِ الدُّورِيِّ مُخْتَلِسًا جَلاَ,«له» الضمير لأبي عمرو (ح في «حلا» من البيت قبله)؛ «الدوري» تصريح,بإتمام الحركة: نافع، ابن كثير، ابن عامر، عاصم، حمزة، الكسائي | بإسكان الهمزة/الراء: أبو عمرو | باختلاس الحركة: دوري أبي عمرو,للدوري وجهان: الإسكان والاختلاس، وللسوسي الإسكان وحده. يخرج المجزوم (إن ينصرْكم) فهو ساكن للجميع.,,وَإِسْكَانُ بَارِئِكُمْ وَيَأْمُرُكُمْ لَهُ ... وَيَأْمُرُهُمْ أَيْضًا وَتَأْمُرُهُمْ تَلاَ ** وَيَنْصُرُكُمْ أَيْضًا وَيُشْعِرُكُمْ وَكَمْ ... جَلِيلٍ عَنِ الْدُّورِيِّ مُخْتَلِسًا جَلاَ
2-019,456، 457,سورة البقرة,نَغْفِرْ لَكُمْ,موضع واحد,1,وَفِيهَا وَفِي الأَعْرَافِ نَغْفِرْ بِنُونِهِ وَلاَ ضَمَّ وَاكْسِرْ فَاءَهُ ... وَذَكِّرْ هُنَا أَصْلاً وَلِلشَّامِ أَنَّثُوا,أ = نافع؛ «للشام» تصريح = ابن عامر,يُغْفَرْ لَكُمْ: نافع | نَغْفِرْ لَكُمْ: ابن كثير، أبو عمرو، عاصم، حمزة، الكسائي | تُغْفَرْ لَكُمْ: ابن عامر,,,وَفِيهَا وَفِي الأَعْرَافِ نَغْفِرْ بِنُونِهِ ... وَلاَ ضَمَّ وَاكْسِرْ فَاءَهُ حِينَ ظَلَّلاَ ** وَذَكِّرْ هُنَا أَصْلاً وَلِلشَّامِ أَنَّثُوا ... وَعَنْ نَافِعٍ مَعْهُ في الُاعْرَافِ وُصِّلاَ
2-020,456، 457,سورة البقرة,نَغْفِرْ لَكُمْ,موضع واحد,1,وَفِيهَا وَفِي الأَعْرَافِ نَغْفِرْ بِنُونِهِ ... وَعَنْ نَافِعٍ مَعْهُ فِي الأَعْرَافِ وُصِّلاَ,«نافع» تصريح، و«معه» أي مع ابن عامر,تُغْفَرْ لَكُمْ: نافع، ابن عامر | نَغْفِرْ لَكُمْ: ابن كثير، أبو عمرو، عاصم، حمزة، الكسائي,«خطيئاتكم» في الأعراف تأتي في فرشها.,,وَفِيهَا وَفِي الأَعْرَافِ نَغْفِرْ بِنُونِهِ ... وَلاَ ضَمَّ وَاكْسِرْ فَاءَهُ حِينَ ظَلَّلاَ ** وَذَكِّرْ هُنَا أَصْلاً وَلِلشَّامِ أَنَّثُوا ... وَعَنْ نَافِعٍ مَعْهُ في الُاعْرَافِ وُصِّلاَ
2-021,458,سورة البقرة,النَّبِيُّ، النَّبِيُّونَ، الْأَنْبِيَاءُ، النُّبُوَّةُ,حيث وقع,78,وَجَمْعًا وَفَرْداً فِي النَّبِيءِ وَفي النُّبُوءَةِ الْهَمْزَ كُلٌّ غَيْرَ نَافِعٍ ابْدَلاَ,«غير نافع» تصريح,بالهمز: النَّبِيءُ، النَّبِيئُونَ، الْأَنْبِئَاءُ، النُّبُوءَةُ: نافع | بالإبدال والإدغام: النَّبِيُّ، الْأَنْبِيَاءُ، النُّبُوَّةُ: ابن كثير، أبو عمرو، ابن عامر، عاصم، حمزة، الكسائي,يُستثنى لقالون موضعا الأحزاب (المسألة التالية).,,وَجَمْعًا وَفَرْداً فِي النَّبِيءِ وَفي النُّبُو ... ءةِ الْهَمْزَ كُلٌّ غَيْرَ نَافِعٍ ابْدَلاَ
2-022,459,سورة البقرة,لِلنَّبِيِّ إِنْ، بُيُوتَ النَّبِيِّ إِلَّا,مواضع معينة,2,وَقَالُونُ فِي الأَحْزَابِ فِي لِلنَّبِيِّ مَعْ بُيُوتَ النَّبِيِّ الْيَاءَ شَدَّدَ مُبْدِلاَ,«قالون» تصريح,وصلًا: النَّبِيِّ إِنْ، النَّبِيِّ إِلَّا (بإبدال الهمزة ياء وإدغامها)، ووقفًا بالهمز: قالون | بالهمز: النَّبِيءِ إِنْ، النَّبِيءِ إِلَّا (وله في الهمزة الثانية أصله في الهمزتين من كلمتين): ورش | النَّبِيِّ (بالياء المشددة): ابن كثير، أبو عمرو، ابن عامر، عاصم، حمزة، الكسائي,,,وَقَالُونُ فِي اْلأَحْزَابِ فِي لِلنَّبيِّ مَعْ ... بُيُوتَ النَّبيِّ الْيَاءَ شَدَّدَ مُبْدِلاَ
2-023,460,سورة البقرة,الصَّابِئِينَ / الصَّابِئُونَ,مواضع معينة,3,وَفي الصَّابِئِينَ الْهَمْزُ وَالصَّابِئُونَ خُذْ,خ = القراء السبعة عدا نافع,بلا همز: الصَّابِينَ، الصَّابُونَ: نافع | بالهمز: الصَّابِئِينَ، الصَّابِئُونَ: ابن كثير، أبو عمرو، ابن عامر، عاصم، حمزة، الكسائي,,,وَفي الصَّابِئِينَ الْهَمْزُ وَالصَّابِئُونَ خُذْ ... وَهُزْؤاً وَكُفْؤاً في السَّوَاكِنِ فُصِّلاَ
2-024,460، 461,سورة البقرة,هُزُوًا,حيث وقع,11,وَهُزْؤاً وَكُفْؤاً فِي السَّوَاكِنِ فُصِّلاَ وَضُمَّ لِبَاقِيهِمْ وَحَمْزَةُ وَقْفُهُ بِوَاوٍ وَحَفْصٌ وَاقِفًا ثُمَّ مُوصِلاَ,ف = حمزة؛ «حمزة» و«حفص» تصريح,هُزُؤًا (بضم الزاي والهمز): نافع، ابن كثير، أبو عمرو، ابن عامر، الكسائي، شعبة | هُزُوًا (بضم الزاي وإبدال الهمزة واوًا وصلًا ووقفًا): حفص | هُزْءًا (بإسكان الزاي والهمز)، ووقفًا: هُزُوَا (بالإبدال واوًا) أو هُزَا (بالنقل): حمزة,,وجها وقف حمزة (الإبدال على الرسم والنقل على القياس) يُراجعان مع باب وقف حمزة والتحريرات.,وَفي الصَّابِئِينَ الْهَمْزُ وَالصَّابِئُونَ خُذْ ... وَهُزْؤاً وَكُفْؤاً في السَّوَاكِنِ فُصِّلاَ ** وَضُمَّ لِبَاقِيهِمْ وَحَمْزَةُ وَقْفُهُ ... بِوَاوٍ وَحَفْصٌ وَاقِفًا ثُمَّ مُوصِلاَ
2-025,460، 461,سورة البقرة,كُفُوًا,موضع واحد,1,وَهُزْؤاً وَكُفْؤاً فِي السَّوَاكِنِ فُصِّلاَ وَضُمَّ لِبَاقِيهِمْ وَحَمْزَةُ وَقْفُهُ بِوَاوٍ وَحَفْصٌ وَاقِفًا ثُمَّ مُوصِلاَ,ف = حمزة؛ «حمزة» و«حفص» تصريح,كُفُؤًا (بضم الفاء والهمز): نافع، ابن كثير، أبو عمرو، ابن عامر، الكسائي، شعبة | كُفُوًا (بضم الفاء وإبدال الهمزة واوًا): حفص | كُفْءًا (بإسكان الفاء والهمز)، ووقفًا: كُفُوَا أو كُفَا: حمزة,,كسابقتها في وجهي وقف حمزة.,وَفي الصَّابِئِينَ الْهَمْزُ وَالصَّابِئُونَ خُذْ ... وَهُزْؤاً وَكُفْؤاً في السَّوَاكِنِ فُصِّلاَ ** وَضُمَّ لِبَاقِيهِمْ وَحَمْزَةُ وَقْفُهُ ... بِوَاوٍ وَحَفْصٌ وَاقِفًا ثُمَّ مُوصِلاَ
2-026,462,سورة البقرة,عَمَّا تَعْمَلُونَ ۝ أَفَتَطْمَعُونَ,موضع واحد,1,وَبِالْغَيْبِ عَمَّا تَعْمَلُونَ هُنَا دَنَا,د = ابن كثير,عَمَّا تَعْمَلُونَ (بالخطاب): نافع، أبو عمرو، ابن عامر، عاصم، حمزة، الكسائي | عَمَّا يَعْمَلُونَ (بالغيب): ابن كثير,,,وَبِالْغَيْبِ عَمَّا تَعْمَلُونَ هُنَا دَنَا ... وَغَيْبُكَ في الثَّانِي ِإلَى صَفْوِهِ دَلاَ
2-027,462,سورة البقرة,عَمَّا تَعْمَلُونَ ۝ أُولَئِكَ,موضع واحد,1,وَغَيْبُكَ في الثَّانِي إِلَى صَفْوِهِ دَلاَ,أ = نافع، ص = شعبة، د = ابن كثير,عَمَّا يَعْمَلُونَ (بالغيب): نافع، ابن كثير، شعبة | عَمَّا تَعْمَلُونَ (بالخطاب): أبو عمرو، ابن عامر، حمزة، الكسائي، حفص,,,وَبِالْغَيْبِ عَمَّا تَعْمَلُونَ هُنَا دَنَا ... وَغَيْبُكَ في الثَّانِي ِإلَى صَفْوِهِ دَلاَ
2-028,463,سورة البقرة,خَطِيئَتُهُ,موضع واحد,1,خَطِيئَتُهُ التَّوْحِيدُ عَنْ غَيْرِ نَافِعٍ,«غير نافع» تصريح,خَطِيئَاتُهُ (بالجمع): نافع | خَطِيئَتُهُ (بالإفراد): ابن كثير، أبو عمرو، ابن عامر، عاصم، حمزة، الكسائي,,,خَطِيئَتُهُ التَّوْحِيدُ عَنْ غَيْرِ نَافِعٍ ... وَلاَ يَعْبُدُونَ الْغَيْبُ شَايَعَ دُخْلُلَا
2-029,463,سورة البقرة,لَا تَعْبُدُونَ,موضع واحد,1,وَلاَ يَعْبُدُونَ الْغَيْبُ شَايَعَ دُخْلُلَا,ش = حمزة والكسائي، د = ابن كثير,لَا تَعْبُدُونَ (بالخطاب): نافع، أبو عمرو، ابن عامر، عاصم | لَا يَعْبُدُونَ (بالغيب): ابن كثير، حمزة، الكسائي,,,خَطِيئَتُهُ التَّوْحِيدُ عَنْ غَيْرِ نَافِعٍ ... وَلاَ يَعْبُدُونَ الْغَيْبُ شَايَعَ دُخْلُلَا
2-030,464,سورة البقرة,حُسْنًا,موضع واحد,1,وَقُلْ حَسَنًا شُكْرًا وَحُسْنًا بِضَمِّهِ وَسَاكِنِهِ الْبَاقُونَ,ش = حمزة والكسائي,حُسْنًا (بضم الحاء وإسكان السين): نافع، ابن كثير، أبو عمرو، ابن عامر، عاصم | حَسَنًا (بفتح الحاء والسين): حمزة، الكسائي,,,وَقُلْ حَسَنًا شُكْرًا وَحُسْنًا بِضَمِّهِ ... وَسَاكِنِهِ الْبَاقُونَ وَاحْسِنْ مُقَوِّلاَ
2-031,465,سورة البقرة,تَظَاهَرُونَ,موضع واحد,1,وَتَظَّاهَرُونَ الظَّاءُ خُفِّفَ ثَابِتاً,ث = الكوفيون (عاصم وحمزة والكسائي),تَظَّاهَرُونَ (بتشديد الظاء): نافع، ابن كثير، أبو عمرو، ابن عامر | تَظَاهَرُونَ (بتخفيف الظاء): عاصم، حمزة، الكسائي,,,وَتَظَّاهَرُونَ الظَّاءُ خُفِّفَ ثَابِتاً ... وَعَنْهُمْ لَدَى التَّحْرِيمِ أَيْضًا تَحَلَّلاَ
2-032,465,سورة البقرة,تَظَاهَرَا,موضع واحد,1,وَعَنْهُمْ لَدَى التَّحْرِيمِ أَيْضًا تَحَلَّلاَ,«عنهم» = الكوفيون,تَظَّاهَرَا (بتشديد الظاء): نافع، ابن كثير، أبو عمرو، ابن عامر | تَظَاهَرَا (بتخفيف الظاء): عاصم، حمزة، الكسائي,,,وَتَظَّاهَرُونَ الظَّاءُ خُفِّفَ ثَابِتاً ... وَعَنْهُمْ لَدَى التَّحْرِيمِ أَيْضًا تَحَلَّلاَ
2-033,466,سورة البقرة,أُسَارَى,موضع واحد,1,وَحَمْزَةُ أَسْرى فِي أُسَارى وَضَمُّهُمْ,«حمزة» تصريح,أُسَارَى: نافع، ابن كثير، أبو عمرو، ابن عامر، عاصم، الكسائي | أَسْرَى: حمزة,لحمزة والكسائي الإمالة، ولأبي عمرو إمالة الألف الأخيرة، على أصولهم.,,وَحَمْزَةُ أَسْرى فِي أُسَارى وَضَمُّهُمْ ... تُفَادُوهُمُو وَالْمَدُّ إِذْ رَاقَ نَفَّلاَ
2-034,466,سورة البقرة,تُفَادُوهُمْ,موضع واحد,1,تُفَادُوهُمُو وَالْمَدُّ إِذْ رَاقَ نَفَّلاَ,أ = نافع، ر = الكسائي، ن = عاصم,تُفَادُوهُمْ (بضم التاء وبالألف): نافع، عاصم، الكسائي | تَفْدُوهُمْ: ابن كثير، أبو عمرو، ابن عامر، حمزة,,,وَحَمْزَةُ أَسْرى فِي أُسَارى وَضَمُّهُمْ ... تُفَادُوهُمُو وَالْمَدُّ إِذْ رَاقَ نَفَّلاَ
2-035,467,سورة البقرة,الْقُدُسِ,حيث وقع,4,وَحَيْثُ أَتَاكَ الْقُدْسُ إِسْكَانُ دَالِهِ دَوَاءٌ وَلِلْبَاقِينَ بِالضَّمِّ أُرْسِلاَ,د = ابن كثير,الْقُدُسِ (بضم الدال): نافع، أبو عمرو، ابن عامر، عاصم، حمزة، الكسائي | الْقُدْسِ (بإسكان الدال): ابن كثير,,,وَحَيْثُ أَتَاكَ الْقُدْسِ إِسُكَانُ دَالِهِ ... دَوَاءٌ وَلِلْبَاقِينَ بِالضَّمِ أُرْسِلاَ
2-036,468,سورة البقرة,يُنَزِّلُ / تُنَزِّلُ / نُنَزِّلُ,حيث وقع,21,وَيُنْزِلُ خَفِّفْهُ وَتُنْزِلُ مِثْلُهُ وَنُنْزِلُ حَقٌّ,حق = ابن كثير وأبو عمرو,بالتشديد: يُنَزِّلُ، تُنَزِّلُ، نُنَزِّلُ: نافع، ابن عامر، عاصم، حمزة، الكسائي | بالتخفيف: يُنْزِلُ، تُنْزِلُ، نُنْزِلُ: ابن كثير، أبو عمرو,المضارع المضموم أوله من «نزّل»، مبنيًّا للفاعل أو للمفعول. تُستثنى مواضع الحجر والإسراء والأنعام والغيث (المسائل التالية). «مَا نُنَزِّلُ الْمَلَائِكَةَ» (الحجر 8) في فرش الحجر.,,وَيُنْزِلُ خَفِّفْهُ وَتُنْزِلُ مِثْلُهُ ... وَنُنْزِلُ حَقٌ وَهْوَ في الْحِجْرِ ثُقِّلاَ
2-037,468,سورة البقرة,وَمَا نُنَزِّلُهُ إِلَّا بِقَدَرٍ,موضع واحد,1,وَهْوَ في الْحِجْرِ ثُقِّلاَ,—,نُنَزِّلُهُ (بالتشديد): الجميع,متفق عليه بالتشديد.,,وَيُنْزِلُ خَفِّفْهُ وَتُنْزِلُ مِثْلُهُ ... وَنُنْزِلُ حَقٌ وَهْوَ في الْحِجْرِ ثُقِّلاَ
2-038,469,سورة البقرة,وَنُنَزِّلُ / حَتَّى تُنَزِّلَ,مواضع معينة,2,وَخُفِّفَ لِلْبَصْرِي بِسُبْحَانَ,«البصري» تصريح = أبو عمرو,بالتشديد: نافع، ابن كثير، ابن عامر، عاصم، حمزة، الكسائي | بالتخفيف: وَنُنْزِلُ، تُنْزِلَ: أبو عمرو,,,وَخُفِّفَ لِلْبَصْرِي بِسُبْحَانَ وَالَّذِي ... في اْلاَنْعَامِ لِلْمَكِّي عَلَى أَنْ يُنَزِّلاَ
2-039,469,سورة البقرة,عَلَى أَنْ يُنَزِّلَ آيَةً,موضع واحد,1,وَالَّذِي في الأَنْعَامِ لِلْمَكِّي عَلَى أَنْ يُنَزِّلاَ,«المكي» تصريح = ابن كثير,يُنَزِّلَ (بالتشديد): نافع، أبو عمرو، ابن عامر، عاصم، حمزة، الكسائي | يُنْزِلَ (بالتخفيف): ابن كثير,,,وَخُفِّفَ لِلْبَصْرِي بِسُبْحَانَ وَالَّذِي ... في اْلاَنْعَامِ لِلْمَكِّي عَلَى أَنْ يُنَزِّلاَ
2-040,470,سورة البقرة,مُنَزِّلُهَا,موضع واحد,1,وَمُنْزِلُهَا التَّخْفِيفُ حَقٌّ شِفَاؤُهُ,حق = ابن كثير وأبو عمرو، ش = حمزة والكسائي,مُنَزِّلُهَا (بالتشديد): نافع، ابن عامر، عاصم | مُنْزِلُهَا (بالتخفيف): ابن كثير، أبو عمرو، حمزة، الكسائي,,,وَمُنْزِلُهَا التَّخْفِيفُ حَقٌ شِفَاؤُهُ ... وَخُفِّفَ عَنْهُمْ يُنْزِلُ الْغَيْثَ مُسْجَلاَ
2-041,470,سورة البقرة,وَيُنَزِّلُ الْغَيْثَ,مواضع معينة,2,وَخُفِّفَ عَنْهُمْ يُنْزِلُ الْغَيْثَ مُسْجَلاَ,«عنهم» = حق شفا (ابن كثير وأبو عمرو وحمزة والكسائي),يُنَزِّلُ الْغَيْثَ (بالتشديد): نافع، ابن عامر، عاصم | يُنْزِلُ الْغَيْثَ (بالتخفيف): ابن كثير، أبو عمرو، حمزة، الكسائي,,,وَمُنْزِلُهَا التَّخْفِيفُ حَقٌ شِفَاؤُهُ ... وَخُفِّفَ عَنْهُمْ يُنْزِلُ الْغَيْثَ مُسْجَلاَ
2-042,471، 472,سورة البقرة,جِبْرِيلَ,حيث وقع,3,وَجِبْرِيلَ فَتْحُ الْجِيمِ وَالرَّا وَبَعْدَهَا وَعى هَمْزَةً مَكْسُورَةً صُحْبَةٌ وِلاَ بِحَيْثُ أَتَى وَالْيَاءَ يَحْذِفُ شُعْبَةٌ وَمَكِّيُّهُمْ في الْجِيمِ بالْفَتْحِ وُكِّلاَ,صحبة = حمزة والكسائي وشعبة؛ «شعبة» و«مكيهم» (ابن كثير) تصريح,جِبْرِيلَ: نافع، أبو عمرو، ابن عامر، حفص | جَبْرِيلَ (بفتح الجيم): ابن كثير | جَبْرَئِلَ (بحذف الياء): شعبة | جَبْرَئِيلَ: حمزة، الكسائي,,,وَجِبْرِيلَ فَتْحُ الْجِيمِ وَالرَّا وَبَعْدَهَا ... وَعى هَمْزَةً مَكْسُورَةً صُحْبَةٌ وِلاَ ** بِحَيْثُ أَتَى وَالْيَاءَ يَحْذِفُ شُعْبَةٌ ... وَمَكِيُّهُمْ في الْجِيمِ بالْفَتْحِ وُكِّلاَ
2-043,473,سورة البقرة,وَمِيكَالَ,موضع واحد,1,وَدَعْ يَاءَ مِيكَائِيلَ وَالْهَمْزَ قَبْلَهُ عَلىً حُجَّةٍ وَالْيَاءُ يُحْذَفُ أَجْمَلاَ,ع = حفص، ح = أبو عمرو، أ = نافع,مِيكَائِلَ (بحذف الياء): نافع | مِيكَائِيلَ: ابن كثير، ابن عامر، حمزة، الكسائي، شعبة | مِيكَالَ: أبو عمرو، حفص,,,وَدَعْ يَاءَ مِيكَائِيلَ وَالْهَمْزَ قَبْلَهُ ... عَلىً حُجَّةٍ وَالْيَاءُ يُحْذَفُ أَجْمَلاَ
2-044,474,سورة البقرة,وَلَكِنَّ الشَّيَاطِينَ كَفَرُوا,موضع واحد,1,وَلكِنْ خَفِيفٌ وَالشَّيَاطِينُ رَفْعُهُ كَمَا شَرَطُوا وَالْعَكْسُ نَحْوٌ سَمَا الْعُلاَ,ك = ابن عامر، ش = حمزة والكسائي؛ ن = عاصم، سما = نافع وابن كثير وأبو عمرو,وَلَكِنَّ الشَّيَاطِينَ (بالتشديد والنصب): نافع، ابن كثير، أبو عمرو، عاصم | وَلَكِنِ الشَّيَاطِينُ (بتخفيف النون ورفع الشياطين): ابن عامر، حمزة، الكسائي,,,وَلكِنْ خَفَيفٌ وَالشَّيَاطِينُ رَفْعُهُ ... كَمَا شَرَطُوا وَالْعَكْسُ نَحْوٌ سَمَا الْعُلاَ
